cif_id,avg_connect_v
430516,6.1481404304504395
153806,3.4361801147460938
155020,4.295772552490234
158510,5.300817489624023
158511,5.765140533447266
158512,5.596531867980957
158513,6.224623203277588
158514,6.0055766105651855
164563,5.814230918884277
194285,6.4395270347595215
194286,6.402594089508057
194287,6.3651509284973145
194288,6.354953289031982
194289,6.577670097351074
242265,5.31821346282959
252297,5.686190128326416
430517,5.937682628631592
430518,5.737621784210205
53094,3.7999918460845947
55053,5.683488845825195
56531,6.800325870513916
56532,4.14096212387085
77544,5.723594665527344
77545,5.7332329750061035
77546,5.715604305267334
77547,5.700916290283203
77548,5.676869869232178
77549,5.665834903717041
78419,5.30705451965332
96485,2.5736474990844727
96655,6.707300186157227
96656,6.835000038146973
96727,3.611769199371338
96728,3.8237619400024414
97701,5.226168155670166
100004,3.2203333377838135
100020,3.249026298522949
100114,3.369499921798706
100167,3.0433714389801025
100169,3.125499963760376
100324,3.0000829696655273
100348,6.380971431732178
100402,3.2660000324249268
100403,3.387399911880493
100414,10.0
100465,3.389014720916748
100493,9.67408561706543
100516,5.907400131225586
100589,4.940000057220459
100590,4.9145002365112305
100591,4.90749979019165
10062,2.9343364238739014
100631,8.677398681640625
10155,7.119999885559082
102014,3.0260000228881836
10236,5.324673175811768
10237,5.322763919830322
10238,5.367031097412109
10251,2.5125975608825684
10257,3.025514841079712
1037,2.5037999153137207
103786,4.306987285614014
1040,7.170198440551758
104745,3.011399984359741
104761,2.984999895095825
10480,4.842641353607178
106771,2.866544008255005
106948,3.8073458671569824
106949,3.810739755630493
107304,4.7750983238220215
107724,5.748736381530762
107954,4.376990795135498
108221,2.9679999351501465
108776,6.660238742828369
108886,2.4786229133605957
109087,3.0393574237823486
109091,3.2179195880889893
109389,4.780672073364258
110018,8.330554008483887
110104,8.325333595275879
110609,10.0
110758,6.6547040939331055
1113,4.278770923614502
1123,7.143866062164307
1125,4.148312568664551
1126,3.965879201889038
1127,3.9299581050872803
1180,2.8489599227905273
1243,2.8024582862854004
1258,3.093100070953369
130018,4.313211441040039
1384,4.35237979888916
14045,6.034399509429932
1411,2.9395642280578613
14235,4.044336318969727
14344,2.5850000381469727
14360,3.0935423374176025
14364,4.9456658363342285
14377,2.5855000019073486
1485,3.485612630844116
150212,2.7778053283691406
150332,5.622519493103027
150333,5.618374347686768
150334,5.8924760818481445
150335,5.895891189575195
150451,2.7397000789642334
150452,2.742500066757202
150453,2.7453999519348145
150454,2.7498528957366943
150455,2.753999948501587
150456,2.757276773452759
150457,2.761199951171875
150458,2.7636561393737793
15104,3.1705493927001953
151084,6.744604587554932
15112,4.089817047119141
15119,5.539981842041016
151356,3.532076835632324
15150,2.9970366954803467
151622,5.446119785308838
151623,5.485503673553467
151624,5.548846244812012
151625,5.3530731201171875
151626,4.336555480957031
152065,6.080657482147217
152066,6.102635860443115
152067,6.129410743713379
152068,5.256087303161621
152075,6.295299053192139
152076,6.319726943969727
152077,6.339375019073486
152078,6.334348678588867
152079,5.288727760314941
152080,6.3198466300964355
152081,5.221716403961182
152082,5.294182777404785
152086,4.193143367767334
152087,4.234862327575684
1521,6.622780799865723
152300,5.689108371734619
152480,5.47576904296875
152481,5.469971656799316
152567,6.210000038146973
152568,6.266200065612793
153218,2.9235999584198
153443,5.695919513702393
153522,5.175154685974121
154089,2.868795871734619
15414,5.80040979385376
15415,6.376611232757568
154316,7.383326053619385
154354,4.049227237701416
154429,5.444799900054932
154982,5.944505214691162
155126,2.698113441467285
155266,9.697359085083008
155577,4.25383186340332
155633,4.581109046936035
155634,4.622853755950928
155912,3.875
155950,2.413325786590576
156182,5.258575916290283
15631,3.2317583560943604
15642,3.375
156719,7.162378311157227
156722,7.157721042633057
156725,7.150965213775635
156888,2.855752468109131
156889,2.322521924972534
156890,2.855684757232666
156891,2.323007106781006
156892,2.8567416667938232
156893,2.3252179622650146
156894,2.8600399494171143
156895,2.33046555519104
156896,2.8621132373809814
156897,2.3335275650024414
156898,2.8663203716278076
156899,2.339292287826538
156900,2.870152711868286
156901,2.3440604209899902
156902,2.87400484085083
156903,2.3487236499786377
157654,3.93009614944458
15785,7.105984210968018
15787,3.61871600151062
15788,3.6196398735046387
15789,3.6334962844848633
15790,3.6277804374694824
158030,9.687273979187012
158372,2.5039141178131104
158373,2.508463144302368
1585,5.02558708190918
158509,5.30035400390625
159316,2.84653639793396
159510,4.038352966308594
159838,8.103231430053711
160000,9.666810035705566
160199,10.0
160597,5.790979862213135
160603,7.449743747711182
160655,5.905755996704102
161342,2.4638426303863525
161343,2.4709255695343018
161389,2.558516502380371
161432,2.9268767833709717
161498,5.182841777801514
161499,5.452033519744873
161500,5.2676496505737305
161643,5.83886194229126
161644,5.807919979095459
161645,5.808934211730957
161646,5.817900657653809
161647,5.74847412109375
161648,10.0
161730,6.682498455047607
161763,4.922231674194336
16219,2.4509735107421875
16221,2.8148422241210938
162215,4.186072826385498
16229,2.824700117111206
16231,2.243927478790283
162555,4.306423187255859
162582,5.956755638122559
162583,6.273620128631592
16276,2.322000026702881
162784,6.598663330078125
162953,5.269135475158691
163176,4.2951765060424805
163177,4.2974982261657715
163178,4.2974982261657715
163179,4.297163963317871
163180,4.298150539398193
163181,4.298230171203613
163182,4.298120975494385
163297,3.0427086353302
163298,3.2549991607666016
163299,3.162243366241455
163300,2.998103618621826
163301,3.030817985534668
163302,3.0631322860717773
163303,2.985409736633301
163304,3.0231266021728516
163305,3.2683308124542236
163862,5.90151309967041
163906,3.2661261558532715
163907,3.359405517578125
163908,2.9366002082824707
163914,2.6156840324401855
16408,8.697104454040527
164080,5.485751152038574
164081,5.510346412658691
164082,6.003760814666748
164087,7.9977617263793945
16414,6.48960018157959
164158,2.9561986923217773
16486,10.0
165469,2.7334675788879395
165470,2.7338759899139404
165471,2.73396897315979
165472,2.7361257076263428
165473,2.7374420166015625
165474,2.740488052368164
165475,2.743000030517578
165476,2.7455999851226807
165477,2.747999906539917
165478,2.7537055015563965
165479,2.7579779624938965
165480,2.760544776916504
165481,2.7395999431610107
165482,2.742000102996826
165483,2.7455999851226807
165484,2.75
165485,2.7576000690460205
165486,2.7616000175476074
165487,2.740488052368164
165488,2.742000102996826
165489,2.7455999851226807
165490,2.75
165491,2.753999948501587
165492,2.7576000690460205
165493,2.7616000175476074
165494,2.7626662254333496
165579,4.950178146362305
16560,5.437892913818359
16561,5.481231689453125
165638,6.1174516677856445
165639,6.210869789123535
16568,3.0919077396392822
166164,6.753123760223389
16617,5.333656311035156
166170,9.805909156799316
16626,3.0390865802764893
166547,3.3086464405059814
166738,3.6243162155151367
166741,3.6243162155151367
166862,5.062035083770752
166996,10.0
167113,6.143231391906738
16713,3.1135876178741455
167141,2.611654281616211
167176,7.371085166931152
167334,3.4985783100128174
167572,4.214977741241455
167573,4.202983379364014
167574,4.206520080566406
167575,2.532599925994873
167581,2.4988999366760254
167582,2.493799924850464
167583,2.504300117492676
167584,2.5325000286102295
167585,4.1808977127075195
16789,2.484999895095825
16790,3.4487011432647705
16793,2.875699758529663
16798,4.415316104888916
16799,2.710014581680298
16800,4.614154815673828
168137,3.62085223197937
168139,3.622180223464966
168141,3.622872829437256
168142,3.6244895458221436
168143,3.625701904296875
168144,3.6282999515533447
168145,3.628992795944214
168500,10.0
16926,2.5677902698516846
16935,2.7744548320770264
16943,5.889613151550293
169799,4.487167835235596
169864,4.130286693572998
169865,5.056885719299316
169866,3.6196398735046387
170035,4.227367401123047
170036,3.06850004196167
170861,6.473886489868164
171161,10.0
171163,10.0
171366,4.180407524108887
171375,5.3657917976379395
171496,3.184299945831299
171497,2.9796929359436035
171498,2.647266387939453
172,5.746039390563965
172043,3.50570011138916
172044,3.031399965286255
172184,5.107220649719238
172216,4.986125946044922
172581,5.294173240661621
172582,5.295235633850098
172583,5.23768949508667
172584,5.17494010925293
173175,2.8634631633758545
173176,2.5269999504089355
173180,2.306999921798706
173181,2.539599895477295
173182,2.5357000827789307
173183,2.5318000316619873
173184,2.5276999473571777
173185,2.5237998962402344
173186,2.51990008354187
173187,2.6589999198913574
173188,2.511899948120117
173189,2.5078999996185303
173190,2.503999948501587
173191,2.5000998973846436
173193,2.3062000274658203
173194,2.534899950027466
173195,2.531399965286255
173196,2.527899980545044
173197,2.524399995803833
173198,2.5209999084472656
173199,2.5172998905181885
173200,2.5139000415802
173201,2.5102999210357666
173202,2.5067999362945557
173203,2.5034000873565674
173204,2.499799966812134
173206,2.3064000606536865
173208,7.122202396392822
173704,5.383699893951416
173862,6.534780025482178
173993,5.336221694946289
174007,6.299914836883545
174056,5.298133373260498
174057,5.346304893493652
174058,5.382998943328857
174059,5.279860973358154
174101,5.860091209411621
174102,5.980506420135498
174202,2.605381488800049
174533,5.205220699310303
174612,2.3079583644866943
174613,2.3102879524230957
174614,2.277475357055664
174615,2.259113073348999
174616,2.2445895671844482
174617,2.223220109939575
180010,6.470643520355225
180011,4.705711364746094
180012,4.7476372718811035
180013,5.278963565826416
180031,5.906179904937744
18004,3.645366668701172
18012,2.8482260704040527
18019,5.563326835632324
18020,6.101616382598877
180289,4.299943923950195
180318,3.7814624309539795
180319,5.425860404968262
180469,2.920912742614746
180470,2.9086129665374756
180507,4.3169779777526855
180730,4.881453514099121
18096,2.6792056560516357
181261,3.8511364459991455
18152,4.451873779296875
18173,4.2474894523620605
182024,2.364000082015991
182026,1.1955000162124634
182027,1.201799988746643
182028,1.2093000411987305
182034,2.6389787197113037
182035,3.9762566089630127
182036,2.182020664215088
182370,10.0
182868,6.274781227111816
182954,5.911129951477051
182955,5.938141345977783
182956,5.955394744873047
182957,5.974910736083984
182958,5.99782133102417
182959,4.030508518218994
182960,6.010690689086914
182961,4.268524646759033
182962,2.9916274547576904
182963,4.345106601715088
182964,3.0009610652923584
182966,7.87934684753418
18313,3.5942494869232178
183434,6.428940296173096
183607,2.574474811553955
183656,10.0
183669,6.023481845855713
183670,6.032764434814453
183671,6.04791784286499
183672,6.056018352508545
183673,6.065600872039795
183674,6.078357696533203
183675,6.091156005859375
183676,6.102314472198486
183677,6.115666389465332
183678,6.12449312210083
183684,2.6199467182159424
183685,2.625120162963867
183692,6.941100597381592
183930,4.741840839385986
184088,6.022003173828125
184230,2.4877285957336426
184283,2.9357690811157227
184284,2.935077428817749
184285,2.9352757930755615
184286,2.929013967514038
184287,2.932466745376587
184288,2.9280202388763428
184289,2.9305200576782227
184290,2.9298253059387207
184291,2.9282641410827637
184292,2.9275994300842285
184337,5.2391581535339355
184917,6.736105918884277
185384,6.519460678100586
185390,7.800602436065674
185539,2.5217783451080322
185540,2.4854345321655273
185587,3.617907762527466
185703,4.8495192527771
185704,4.848184585571289
185705,4.852138519287109
186158,6.330748081207275
186453,4.54985237121582
186454,10.0
186455,10.0
186456,10.0
186848,4.183059215545654
186849,4.4180073738098145
186850,4.152829170227051
186900,5.404417037963867
186995,7.901211738586426
187060,5.595818519592285
187730,5.785224437713623
187731,10.0
187751,6.4017109870910645
188009,4.676135063171387
188423,3.6147899627685547
188427,3.617907762527466
188428,3.6404244899749756
188493,3.118000030517578
188777,7.64300012588501
188778,7.7754998207092285
188779,7.6407999992370605
188886,3.564746379852295
188887,3.591254949569702
189812,8.088339805603027
189813,8.011248588562012
189825,6.359877586364746
190006,2.807370901107788
19023,3.56876802444458
19024,3.6352360248565674
190654,6.253427028656006
190655,5.796167850494385
190656,6.523181438446045
190657,6.407077312469482
190773,4.74654483795166
190875,6.087435722351074
191135,2.4319355487823486
191136,2.3496999740600586
191310,7.035799980163574
191311,4.3161163330078125
191528,2.628955602645874
191542,2.460836410522461
191891,2.0066676139831543
192162,7.755673885345459
192186,5.50600004196167
192496,5.552914142608643
192544,3.9369125366210938
193032,3.316964626312256
193033,3.2346065044403076
193034,3.235304117202759
193035,3.25706148147583
193036,3.229414224624634
193037,3.2608697414398193
193038,3.257686138153076
193039,3.2645809650421143
193040,3.315990447998047
193041,3.3734381198883057
193181,5.857275009155273
193292,5.900382041931152
193293,5.900382041931152
193294,5.900382041931152
193295,5.900382041931152
193296,5.900382041931152
193297,5.900382041931152
193298,5.9005231857299805
193299,5.9005231857299805
193300,5.900664806365967
193301,5.900947570800781
193302,5.900947570800781
193303,5.901230335235596
193304,5.90151309967041
193305,5.901937484741211
193306,5.902220249176025
193307,5.902644634246826
193308,5.903069019317627
193309,5.903351783752441
193310,5.903776168823242
193311,5.904341697692871
193312,5.9049072265625
193313,5.905331611633301
193314,5.905755996704102
193315,5.906604290008545
193316,5.907028675079346
193317,5.907876968383789
193318,5.908866882324219
193319,5.909857273101807
193320,5.9109883308410645
193440,7.022900104522705
193441,4.300798416137695
193755,3.054919481277466
193768,4.110799789428711
193769,4.359751224517822
193770,5.491524696350098
193803,2.915196418762207
193838,2.906937837600708
193947,3.718527317047119
194072,7.03875207901001
194284,6.446468353271484
194332,5.910140037536621
194333,5.910563945770264
194605,5.423769950866699
195129,7.959330081939697
195182,2.4544315338134766
195615,4.920013427734375
195621,8.679295539855957
195622,8.69862174987793
195623,8.709400177001953
195624,8.73583984375
195625,8.752223014831543
195819,5.022385120391846
196425,2.476646900177002
196467,2.8228824138641357
196468,2.963200092315674
196726,4.200214385986328
196727,4.226377010345459
196807,2.585085868835449
196932,2.8610000610351562
197052,4.526897430419922
197372,4.060914039611816
197762,6.768599987030029
197763,6.986999988555908
198097,2.8469533920288086
20012,2.588599920272827
200128,5.331761837005615
200164,6.988676071166992
20031,3.2004001140594482
20032,3.751627206802368
200356,6.156719207763672
200369,4.334000110626221
200401,5.751587390899658
200524,5.264719486236572
200534,4.693403720855713
200615,6.282296657562256
200623,5.413310527801514
200624,5.405101299285889
200669,5.902065753936768
200709,6.188000202178955
200874,2.868025064468384
200891,3.082961082458496
200946,10.0
20095,9.670247077941895
200980,3.947352886199951
200981,3.961212158203125
200984,4.162171840667725
201079,3.8386473655700684
201117,3.5350000858306885
20112,7.960483074188232
201138,5.589643955230713
201456,10.0
201457,10.0
201623,3.497499942779541
201816,5.388568878173828
201817,5.060984134674072
201896,5.238827705383301
20191,5.088693618774414
201935,6.311695575714111
202,6.249006271362305
202071,5.994805812835693
20208,3.1573612689971924
202115,4.809250354766846
202116,4.017200469970703
202200,7.122192859649658
202308,7.796910762786865
202326,2.906015396118164
202439,6.913700580596924
202489,5.665339469909668
202538,4.409282684326172
202539,4.385415077209473
202560,6.561185359954834
202622,7.131400108337402
202623,7.131400108337402
202631,2.7024996280670166
202632,2.595099925994873
202641,4.6996331214904785
202642,5.685999870300293
202648,4.041811466217041
202660,5.399467468261719
202743,3.6578633785247803
202862,3.9504001140594482
202863,8.523842811584473
202897,4.3043622970581055
202990,8.442632675170898
203008,4.595977306365967
203009,10.0
203030,2.6289446353912354
203031,2.8128514289855957
203032,4.257761478424072
203033,4.578524112701416
203063,4.4346747398376465
203065,7.17476224899292
203085,3.1026957035064697
203174,5.0122199058532715
203217,5.406465530395508
20434,4.052906513214111
20547,8.649181365966797
20550,10.0
20577,7.21205997467041
20835,5.1097612380981445
20851,5.238827705383301
20852,5.238827705383301
21032,4.3653645515441895
21053,3.0579934120178223
22010,5.5362548828125
22011,5.542082786560059
22012,5.546382427215576
22013,5.550023555755615
22014,3.702399969100952
22015,3.690999984741211
22402,2.305000066757202
230105,4.316500186920166
230106,7.044400215148926
230107,10.0
23017,3.1177446842193604
23041,2.677767515182495
23042,2.677767515182495
2319,2.998929977416992
23406,3.555277109146118
23407,3.6440088748931885
2342,7.2518510818481445
23451,7.900000095367432
23549,7.599729537963867
23552,5.930850028991699
23554,3.0869452953338623
236145,3.6147899627685547
23620,5.737924575805664
23621,5.994927883148193
236294,5.040688991546631
23634,2.413837432861328
236452,7.355340480804443
236453,7.78070592880249
236454,7.8340840339660645
236888,4.758757591247559
236889,4.737496852874756
236957,2.710858106613159
237063,5.404171943664551
23723,3.3080685138702393
23746,2.8475189208984375
23747,2.852855682373047
23748,2.6386919021606445
237635,3.3770999908447266
237658,7.799857139587402
237729,4.85465669631958
237944,3.038177251815796
237945,3.0579991340637207
237946,3.0161070823669434
237947,3.040112257003784
238091,9.596004486083984
23815,3.0908496379852295
238295,10.0
238600,2.40939998626709
238601,2.6173999309539795
238602,1.9684699773788452
238603,2.895575761795044
238685,2.482597827911377
238686,2.6811599731445312
238687,2.6372625827789307
238688,2.480551242828369
238689,2.4685912132263184
238690,2.517076253890991
238691,2.4579625129699707
238692,2.4458980560302734
238693,2.4605705738067627
23876,4.309389591217041
239000,4.1528096199035645
239148,7.815947532653809
239149,10.0
23924,5.4306960105896
239278,3.304047107696533
239279,3.3060500621795654
239280,3.3042614459991455
23936,9.10339641571045
239604,5.223376750946045
239629,5.433595180511475
239630,5.494694709777832
239721,7.515838146209717
239792,1.084159016609192
239793,10.0
239794,4.770135879516602
239795,6.486084938049316
239962,3.409027099609375
239975,5.886507987976074
239976,5.963351249694824
239977,5.978793144226074
239978,5.9883294105529785
239979,5.967460632324219
239980,5.970832347869873
2403,2.92808198928833
24051,4.687283515930176
240676,5.016110420227051
240700,4.709901809692383
240704,1.875
240749,2.683293104171753
240861,2.751431703567505
240986,10.0
241234,3.808673620223999
241300,3.1662919521331787
241301,3.1732375621795654
241421,4.316972732543945
241422,7.050000190734863
24143,2.4363999366760254
241439,4.284800052642822
24146,3.0273609161376953
241475,2.2837321758270264
241493,6.292699813842773
241494,6.308199882507324
241495,6.293600082397461
241866,4.722799777984619
241922,6.744601726531982
242169,6.3491997718811035
242170,3.5095109939575195
242228,8.073965072631836
243529,5.1799750328063965
243567,5.0963029861450195
243736,10.0
243879,5.083467483520508
243880,7.513199806213379
243885,9.570690155029297
243886,9.590065002441406
243915,6.180857181549072
243929,4.2088212966918945
243971,5.432538986206055
243972,4.734105110168457
244127,5.274689674377441
244236,2.9439001083374023
244622,5.681200981140137
244690,10.0
244720,7.862770080566406
244734,7.031700134277344
244735,7.0447998046875
244736,7.1727519035339355
244738,10.0
245129,6.115142822265625
245280,3.6665000915527344
245281,3.6547999382019043
245282,3.7283999919891357
245283,3.526599884033203
245284,3.555000066757202
245285,3.5439999103546143
245286,3.538599967956543
245287,3.530900001525879
245288,3.5239999294281006
245289,3.504499912261963
245290,3.621999979019165
245516,8.095000267028809
245527,4.3985371589660645
245641,2.4629273414611816
245651,7.422558784484863
245652,5.856814861297607
245706,5.676199913024902
245934,2.2962844371795654
245935,2.2371482849121094
24596,2.7172272205352783
24600,2.7208926677703857
246302,3.2574925422668457
246308,5.241768836975098
246816,2.7054946422576904
246817,2.6237599849700928
246859,3.590322494506836
247255,2.5956809520721436
247256,2.5901763439178467
247257,2.6502695083618164
247258,2.6398026943206787
247259,5.910563945770264
247818,5.404417037963867
247979,4.7136616706848145
248115,3.9295337200164795
248116,5.662930488586426
248118,6.132728576660156
248309,4.763722896575928
248310,4.771612167358398
248311,4.769227981567383
248343,3.6881368160247803
248414,3.1572656631469727
248415,3.2431693077087402
24888,5.566452503204346
24896,1.8243999481201172
24897,1.8215999603271484
24908,5.3069047927856445
249872,3.9368932247161865
249873,3.9983794689178467
250003,4.200358867645264
250066,2.3238768577575684
25022,5.615686416625977
250297,3.306999921798706
250410,3.0119502544403076
250460,3.7079150676727295
250567,6.7084550857543945
250748,4.756532192230225
250749,4.808449745178223
250800,4.320139408111572
250801,4.291430950164795
250860,5.922384262084961
250868,6.286561489105225
25105,6.493330478668213
251074,2.872648000717163
251155,9.069816589355469
2512,3.290191888809204
251418,6.334927082061768
251419,6.326099395751953
251420,6.350167751312256
251421,6.350411415100098
251422,6.3289594650268555
251423,6.307794570922852
251424,6.280426502227783
251425,6.317866325378418
251426,6.293320655822754
251594,3.530400037765503
251656,5.226246356964111
251863,5.634756088256836
251864,5.229972839355469
252036,3.564967393875122
252037,3.6210458278656006
252038,3.730440855026245
252039,3.5339345932006836
252040,3.6384804248809814
252041,3.632988214492798
252166,5.950014114379883
252185,6.111508846282959
252215,3.1356565952301025
252219,2.941988468170166
252226,3.2831592559814453
252308,2.9138734340667725
252578,3.8695666790008545
252841,6.386824607849121
252877,9.593178749084473
252981,5.506814479827881
253007,4.737947940826416
253046,6.3418965339660645
253056,2.617288589477539
25307,5.702400207519531
25308,3.0515387058258057
25310,3.3914999961853027
25320,6.025568008422852
25322,6.491044521331787
25323,6.52340841293335
253240,5.199052810668945
253241,5.242645740509033
253242,5.269896984100342
253243,5.19914436340332
25327,6.916992664337158
25328,6.963845729827881
253338,4.933815956115723
253339,3.971306324005127
253356,5.483432292938232
25349,3.9293923377990723
253684,5.9937028884887695
253685,10.0
253686,9.887832641601562
253687,10.0
25385,8.98900032043457
253894,5.5593743324279785
253895,2.9537994861602783
253896,2.9361045360565186
253897,6.446438312530518
253898,6.467253684997559
253899,5.336379051208496
253900,5.43385648727417
253941,6.020999908447266
253965,8.69041633605957
254044,3.8703999519348145
254107,4.972158908843994
254205,6.500202178955078
254209,5.485527515411377
254406,4.918258190155029
254414,9.589658737182617
254683,6.293133735656738
254737,3.053093194961548
254974,4.318050861358643
254975,5.944108009338379
25515,3.0377306938171387
25530,2.636056423187256
255464,4.508229732513428
255465,3.2142317295074463
255466,3.2463181018829346
255467,3.281899929046631
255468,3.4378347396850586
25565,2.2483081817626953
25566,2.286959171295166
255747,4.2947001457214355
255748,4.2895002365112305
255749,4.285999774932861
255750,4.298500061035156
255775,5.918325424194336
2558,5.147013187408447
25582,2.3589999675750732
25583,2.424999952316284
25584,2.403599977493286
25585,2.3380000591278076
25586,2.380000114440918
25587,2.374000072479248
2559,4.908989906311035
25590,4.148919582366943
255945,7.5561203956604
256029,3.6438024044036865
256076,6.874172687530518
256228,4.756080627441406
256229,4.77323055267334
256732,9.317298889160156
257005,4.228614330291748
257006,4.201674938201904
257007,4.20650053024292
257008,4.211374759674072
257009,4.21145486831665
257010,4.204873085021973
257011,4.212520599365234
257012,4.202560901641846
257013,4.22153902053833
257014,3.0703771114349365
257015,3.0756478309631348
257016,4.21610164642334
257017,3.0779409408569336
25705,3.02972412109375
257128,8.664935111999512
257129,8.67404556274414
257130,8.682703018188477
257131,8.696944236755371
257132,8.717290878295898
257133,8.740835189819336
257190,3.377387046813965
257309,3.61444354057312
257372,2.3076999187469482
257375,6.9344000816345215
257376,6.740600109100342
257377,6.517199993133545
257378,6.330999851226807
257379,5.996099948883057
257380,5.934100151062012
257439,3.0392277240753174
257440,3.09004545211792
257464,4.060956001281738
25752,3.093337059020996
257550,2.9404327869415283
25759,1.8734227418899536
257739,4.91096305847168
257740,4.94373083114624
257741,5.072757244110107
257819,3.1374244689941406
257820,3.148578643798828
257946,3.649273633956909
257947,3.5359699726104736
257948,3.70662522315979
25816,3.1960086822509766
258187,2.705885410308838
258641,5.152110576629639
258955,2.9763360023498535
258978,4.185051441192627
258979,4.151432991027832
259020,7.118819236755371
259172,3.4413599967956543
259200,2.770869016647339
259201,2.927422046661377
259202,3.0892081260681152
259203,3.2310538291931152
259204,3.3259475231170654
259205,2.7606866359710693
259206,2.8144264221191406
259207,2.918653964996338
259208,3.0684192180633545
259209,3.1678383350372314
259210,3.219174385070801
259211,3.262873649597168
259212,3.313007354736328
259221,4.218540191650391
259898,4.114231109619141
260011,5.425007343292236
260259,4.714757919311523
260277,5.992556571960449
260280,4.994713306427002
26047,5.8780293464660645
260590,3.0222558975219727
260591,4.816119194030762
260681,3.9264585971832275
260682,3.9601171016693115
261177,5.6358184814453125
261235,2.9294018745422363
261236,4.267558574676514
261237,3.0039310455322266
261238,4.2321696281433105
261239,4.043215274810791
261256,4.485974311828613
261302,2.4722959995269775
261343,5.2410078048706055
261420,6.224827289581299
261526,3.6900792121887207
261746,4.057443141937256
261825,4.686041831970215
26196,5.294827938079834
262075,8.025394439697266
262200,4.919102191925049
262289,7.193116664886475
262431,7.261663913726807
262432,5.0879998207092285
262642,4.913731575012207
262643,4.974695682525635
262644,5.981288909912109
262645,6.061734676361084
262730,5.643836975097656
262949,10.0
262950,10.0
26297,2.0444576740264893
26298,4.539999961853027
26337,5.252072811126709
263517,5.756054401397705
263518,5.8093180656433105
26370,5.340242385864258
263760,4.925571918487549
263761,2.571693181991577
263762,2.2470204830169678
263763,2.177747964859009
263764,2.1692728996276855
263765,2.17154598236084
263766,2.229586362838745
263767,5.868715763092041
263947,9.110690116882324
26411,3.0057623386383057
264137,3.5383365154266357
264151,6.663525581359863
264152,7.008989334106445
2642,5.414205074310303
264211,3.379122257232666
264353,6.850739002227783
264354,7.012175559997559
2644,2.871891736984253
264457,3.908059597015381
264458,5.914382457733154
264462,3.6429712772369385
264463,3.632415771484375
26451,3.2733681201934814
26452,5.778467655181885
264522,2.374696731567383
264695,4.813968658447266
264696,5.191569805145264
26472,3.338183641433716
265035,6.187900066375732
265036,6.158599853515625
26513,2.8536956310272217
26540,2.8643908500671387
265643,8.221856117248535
265644,6.126140594482422
26723,5.112308979034424
26737,2.7149999141693115
26738,2.7300000190734863
26817,4.477118015289307
26836,5.809299945831299
26878,2.951873540878296
26879,3.0484189987182617
26880,2.774003267288208
26892,2.5144717693328857
26909,3.6271748542785645
26913,7.513000011444092
27007,3.8601508140563965
27008,3.8864829540252686
27016,3.6440088748931885
27128,3.5463740825653076
27212,8.79983901977539
27318,7.116130828857422
27319,5.824438571929932
27465,5.290372848510742
27524,4.552575588226318
27672,5.61485481262207
2773,5.185621738433838
27751,5.309026718139648
27896,3.7943544387817383
27902,3.6196398735046387
27904,3.95108962059021
279578,5.697491645812988
279592,2.828738212585449
27981,3.6366500854492188
27982,3.889087200164795
27983,4.251125812530518
280027,5.5970001220703125
280109,5.298334121704102
280110,5.297102451324463
280205,4.727331161499023
280225,5.726718902587891
280226,4.315935134887695
280296,5.985742092132568
280297,6.051607131958008
280391,5.2646918296813965
280392,5.501425266265869
280393,5.527897357940674
280481,5.709166526794434
280574,5.321028232574463
280690,7.152679920196533
280691,7.4293107986450195
280906,5.314362049102783
280927,5.723899841308594
281011,4.612033367156982
28106,4.688188552856445
281119,4.5409836769104
281179,10.0
281232,5.658905029296875
281277,2.8605332374572754
28131,3.1705493927001953
281318,5.783911228179932
281330,4.851364612579346
281331,5.398627758026123
281543,10.0
281557,8.807134628295898
281623,5.9898858070373535
28178,5.991610050201416
28192,3.189199924468994
28288,5.007853984832764
28307,3.2276017665863037
28323,2.927422046661377
28388,5.107600212097168
28682,3.5802359580993652
28683,2.523400068283081
28697,3.9456558227539062
290202,7.149456977844238
290291,6.6475043296813965
290319,8.76629638671875
290831,3.699582815170288
290832,3.847567081451416
290979,3.075730323791504
291148,5.904341697692871
29115,5.161879539489746
291154,3.2257230281829834
291160,10.0
291161,10.0
291378,6.86112117767334
291512,3.7035675048828125
291513,10.0
291596,4.440700054168701
291962,4.4081034660339355
2929,5.527829170227051
29314,2.8991377353668213
2935,1.8629000186920166
2939,5.189914703369141
29413,8.176109313964844
29415,5.146063327789307
29551,5.725301265716553
300010,4.313380718231201
30223,4.046888828277588
30244,5.076628684997559
30249,3.0914366245269775
30253,3.7039551734924316
30276,3.3736002445220947
30295,5.7745747566223145
30521,5.319296360015869
30709,9.519347190856934
30719,6.260616302490234
30784,10.0
30785,5.204117774963379
30786,3.0259292125701904
30909,7.217658519744873
30952,9.753350257873535
30964,4.596150875091553
30982,4.62315559387207
30983,4.630825042724609
31050,2.952584743499756
31110,3.7048532962799072
31148,2.9243109226226807
31193,9.652166366577148
31283,6.390833854675293
31316,3.133035182952881
31342,10.0
31343,10.0
31941,3.1171865463256836
32028,4.816382884979248
32029,4.955428123474121
32594,1.8494999408721924
32595,5.549035549163818
32713,2.898378372192383
33247,7.553599834442139
33248,7.412799835205078
33251,5.249327659606934
33506,3.505206823348999
33633,3.2438361644744873
33634,3.2300636768341064
33661,7.599227428436279
33716,5.023291110992432
33809,3.0649843215942383
33810,3.230548620223999
33864,3.177000045776367
33896,2.6110665798187256
33897,2.655233860015869
33898,2.684678792953491
33899,2.6812145709991455
33954,2.793869972229004
34079,6.138858795166016
34095,4.89204740524292
34106,3.0646800994873047
34118,5.250994682312012
34184,10.0
34221,3.1521449089050293
34256,2.6555142402648926
34280,2.8618886470794678
34336,2.9523732662200928
34337,10.0
34361,5.0
34362,3.397799015045166
34387,8.023458480834961
34562,5.309026718139648
34582,2.898785352706909
34670,4.322265625
34672,5.354812145233154
34675,3.2665035724639893
34737,10.0
34779,2.86299729347229
34780,2.8606669902801514
34781,2.857856035232544
35018,4.0922627449035645
35156,4.047942638397217
35168,2.0113329887390137
35169,1.8602960109710693
35182,3.1221559047698975
35235,4.420663356781006
35236,3.1646523475646973
35250,2.7936527729034424
35275,7.180960655212402
35276,7.195371150970459
35277,7.220752239227295
35290,4.917079448699951
35336,5.714694023132324
35397,8.558464050292969
35405,2.7807765007019043
35429,4.271074295043945
35472,2.587599992752075
35473,2.5850000381469727
35474,2.5964999198913574
35475,2.609499931335449
35476,2.618000030517578
35655,8.661751747131348
35676,6.159820556640625
36038,5.240857124328613
36124,3.1303117275238037
36216,5.910685062408447
36449,3.4979207515716553
36470,5.240864276885986
36471,5.245549201965332
36472,5.256622791290283
36482,4.110030651092529
36531,7.228804111480713
36532,3.092275857925415
36599,8.446728706359863
36644,6.252211093902588
36645,6.511628150939941
37060,3.080714702606201
37071,3.5866281986236572
37084,5.266666412353516
37163,3.0896456241607666
37250,5.572260856628418
380104,3.589179277420044
380105,5.167123317718506
380221,5.163424491882324
380222,5.129767894744873
380388,3.2098405361175537
380389,3.431023597717285
380390,3.4284780025482178
380451,10.0
38059,10.0
38167,3.7495999336242676
38206,5.013186454772949
38250,5.378642559051514
38324,3.1866860389709473
38350,2.922198534011841
38393,5.486963272094727
38411,3.0139999389648438
38416,10.0
391200,4.696879863739014
391245,2.845703601837158
391258,5.280223369598389
391276,5.146032333374023
39206,5.553247928619385
39389,5.630550861358643
39421,10.0
39534,5.1699910163879395
39563,3.729055404663086
39574,3.966318368911743
39596,2.8667490482330322
39597,3.1370224952697754
39604,5.735342979431152
39628,8.150296211242676
39668,5.838612079620361
39669,5.037341117858887
39699,5.621593952178955
39700,5.621919631958008
39761,5.378868103027344
39763,7.210314750671387
39814,3.223475456237793
39926,5.384251594543457
400104,4.510632038116455
400339,6.161770820617676
400460,4.458000183105469
400552,6.415956020355225
401208,8.213499069213867
401723,7.259399890899658
402062,5.377499103546143
402083,7.389081001281738
402111,7.613435745239258
402147,8.389604568481445
402173,6.457085609436035
402341,3.516613245010376
402398,3.6578633785247803
402399,4.61294412612915
40245,2.8302481174468994
40247,3.472675085067749
40265,4.5994462966918945
402881,6.584086894989014
40305,6.895349502563477
40358,2.562999963760376
40359,2.5673000812530518
40360,2.575500011444092
40361,2.5857999324798584
40362,2.6133999824523926
40363,2.5769999027252197
40364,2.5697999000549316
40365,2.5697999000549316
40455,10.0
40456,3.9329278469085693
40457,3.9011549949645996
40458,5.820000171661377
404705,5.523741245269775
404707,5.441686630249023
40479,8.9622163772583
405283,7.965607643127441
405346,3.6970880031585693
40665,3.1785054206848145
40751,2.8812808990478516
408395,4.560442924499512
408396,4.425826072692871
408397,4.364597797393799
408552,5.377399921417236
408553,5.545131206512451
409001,7.365931510925293
409295,5.173672199249268
409384,3.614347457885742
409397,2.857800006866455
40941,5.264797687530518
409504,7.984611988067627
409572,6.190722942352295
409574,10.0
409575,5.659730911254883
409576,5.691714763641357
409636,3.0964999198913574
409657,4.460865497589111
409667,4.085707187652588
409955,5.363394260406494
410043,7.425366401672363
41022,3.454525947570801
41023,3.1786749362945557
410714,2.832651376724243
410794,3.106642961502075
410944,10.0
410955,2.7093660831451416
411039,2.7361316680908203
411410,5.936773300170898
411530,4.716069221496582
411606,5.151199817657471
41186,4.660767078399658
41199,5.548094272613525
412654,3.2592897415161133
412729,5.842629909515381
41292,3.44036865234375
41321,3.512784957885742
413238,4.957123279571533
413257,4.193708896636963
413258,4.1917290687561035
413296,3.0894999504089355
413297,2.6479015350341797
413298,2.290107250213623
413299,3.0927000045776367
413355,3.580703020095825
413370,2.433586835861206
413587,2.8223605155944824
413961,10.0
413966,3.5419557094573975
41403,3.931513786315918
414082,4.6699299812316895
41409,2.8475189208984375
414241,4.262630939483643
414242,4.4896979331970215
414243,4.420975208282471
414244,4.260742664337158
41433,5.683700084686279
414558,5.481500148773193
414573,5.208207607269287
414574,5.153789043426514
414575,6.071119785308838
41466,4.691259384155273
41467,6.581104755401611
41468,3.866459846496582
415051,5.176304340362549
415120,4.120206356048584
415121,4.306308746337891
415135,3.6653459072113037
415199,5.100281715393066
415200,5.115053653717041
415201,5.012485027313232
415265,2.8706490993499756
415266,2.964996099472046
415294,5.082400798797607
415325,4.306148052215576
415326,4.307147026062012
415327,4.3325324058532715
415328,4.318143844604492
415411,4.239438533782959
415556,3.7607998847961426
415557,6.163984775543213
415618,4.8923420906066895
415733,5.752316474914551
415776,7.365022659301758
415777,7.317647933959961
416101,5.043152332305908
416102,5.0340962409973145
416103,5.035768032073975
416104,5.022650718688965
416498,2.6378867626190186
416656,4.709901809692383
416877,6.725107192993164
416888,5.125938415527344
416889,4.720393180847168
416890,5.026444911956787
41691,2.924360752105713
41692,2.9024713039398193
416926,3.872643232345581
416927,3.876072645187378
416928,3.8809714317321777
416929,3.886850357055664
41693,2.920841932296753
416956,5.412426471710205
417088,2.8689138889312744
417089,3.015803337097168
417091,10.0
417653,4.975127220153809
417928,10.0
418455,7.3471245765686035
418456,7.270840644836426
418457,10.0
418488,3.1203207969665527
418489,3.3714852333068848
418490,2.833235502243042
418627,4.710885047912598
419059,5.619706630706787
419060,5.57357120513916
419061,5.455926895141602
419137,2.3349316120147705
419366,5.627647399902344
419577,3.7133305072784424
419595,4.00771427154541
419669,4.316399574279785
419670,4.314820766448975
419671,4.313589096069336
419672,4.3142008781433105
419673,4.312853813171387
419674,4.31266450881958
419675,4.312613010406494
419852,3.134176731109619
419904,5.872805118560791
419905,5.853555679321289
419906,5.897500514984131
420126,2.993077039718628
420286,6.881229400634766
420334,4.3729777336120605
420337,4.1147942543029785
420338,4.02034854888916
420339,6.200500011444092
42037,3.1970040798187256
420440,3.762622594833374
42062,2.8752543926239014
42063,2.8106138706207275
42064,3.5785000324249268
420675,4.736653804779053
420676,7.342337608337402
420677,6.620095252990723
42068,2.958812713623047
4207,4.593088626861572
420926,5.941403865814209
421083,3.7940754890441895
421130,2.91808819770813
421131,2.936190128326416
421209,3.033346652984619
421210,3.35239315032959
421252,2.5729024410247803
421259,4.995133876800537
421479,3.0865211486816406
421480,3.1481807231903076
421481,3.1549689769744873
421528,5.578340530395508
421544,5.740764141082764
421545,5.272612571716309
421548,4.385842800140381
421549,4.748558044433594
421592,8.579643249511719
421741,6.63521671295166
421974,5.9135870933532715
421975,6.199767589569092
421977,7.576023101806641
422056,8.567999839782715
422088,5.820656776428223
422090,5.167263507843018
422091,5.151002883911133
422235,5.0946736335754395
422259,2.458104133605957
422596,6.884725570678711
422680,5.109393119812012
422922,5.2194037437438965
423181,5.911330699920654
423435,5.523308753967285
423470,8.373200416564941
423582,6.065122127532959
423611,7.08404016494751
423634,6.849376201629639
423635,4.619929313659668
423661,5.051225662231445
423774,5.802643299102783
423831,2.711580276489258
424043,6.649594306945801
424079,5.8436455726623535
424281,8.855048179626465
424282,5.659999847412109
424283,6.834807872772217
424308,7.723957061767578
424320,7.266107559204102
424352,5.651000022888184
424358,7.797644138336182
424375,6.175519943237305
42462,5.189693927764893
42463,5.368152618408203
424668,7.251384735107422
424834,3.228529214859009
424835,3.2796630859375
424911,4.183432102203369
424963,6.025301456451416
42499,1.8629000186920166
425059,3.5264999866485596
425061,5.6052045822143555
425113,2.906869888305664
425155,3.0033743381500244
425174,6.832902908325195
425175,6.919784069061279
425207,4.877026557922363
425331,8.887947082519531
425643,3.85268235206604
425657,2.797886371612549
425658,3.839836359024048
425659,2.8735852241516113
425660,3.8267204761505127
425661,2.772493839263916
425779,2.8109562397003174
425780,2.8319175243377686
425864,2.8103795051574707
425865,2.821323871612549
425923,3.6026477813720703
425979,6.6596245765686035
426103,3.2020421028137207
426110,6.938156604766846
426198,3.629535436630249
426199,4.560494422912598
4262,7.5819926261901855
426263,2.8085813522338867
426274,8.921201705932617
426537,6.943965435028076
426577,7.845081806182861
426692,3.77302622795105
426821,3.780489683151245
426848,5.236993789672852
426849,6.461996555328369
42697,2.5542426109313965
427067,5.612734317779541
427077,3.3712000846862793
427078,5.649710655212402
427088,2.603600025177002
427231,2.8227250576019287
427232,2.848694086074829
427233,2.844710111618042
427234,2.8263866901397705
427235,2.830784559249878
427287,3.3077640533447266
427396,5.702691555023193
427397,5.696929454803467
427398,5.693557262420654
427399,5.694583892822266
427400,5.695580005645752
427401,5.700985431671143
427409,5.874173641204834
427421,2.9532065391540527
427426,4.954377174377441
427432,2.7405314445495605
427475,5.238399505615234
427506,5.637451648712158
427619,5.211075782775879
427620,5.205676555633545
427621,5.209290027618408
427622,5.203725814819336
427777,8.741753578186035
427778,8.930400848388672
427779,9.395669937133789
428002,3.6796469688415527
428056,5.570804595947266
428099,10.0
428102,4.611395359039307
428106,4.810649871826172
428114,5.783199787139893
428176,7.481400012969971
428177,4.302292346954346
428547,4.933131694793701
428671,10.0
428737,3.1666526794433594
428746,5.120352745056152
428780,8.254481315612793
428811,6.176949977874756
428812,6.178699970245361
428813,6.221399784088135
428814,6.250999927520752
428815,6.5391106605529785
428816,6.536686420440674
428817,6.190999984741211
428818,6.220600128173828
428819,6.249199867248535
428820,6.51137638092041
428821,6.528919219970703
42890,4.849999904632568
429110,6.536074161529541
429111,6.536686420440674
429112,6.511186599731445
429113,6.528926372528076
429404,3.046053409576416
429405,3.0640316009521484
429406,3.129382371902466
429407,3.1352128982543945
429574,10.0
429575,10.0
429872,5.3042073249816895
429873,5.350198268890381
429874,5.361833095550537
429881,2.9533023834228516
429902,5.556972503662109
430184,3.082919120788574
430185,3.0437185764312744
430262,8.099905014038086
430274,7.292799949645996
430275,7.068600177764893
430276,7.072000026702881
430357,3.0888442993164062
430358,3.1209664344787598
430359,3.1014344692230225
430490,5.67744255065918
430491,2.9018619060516357
430492,2.9092471599578857
430493,2.9205808639526367
430494,2.9357495307922363
430495,2.956322431564331
430496,2.9017937183380127
430497,2.895979166030884
430571,2.5210516452789307
430574,2.5167222023010254
430575,2.5315372943878174
430576,2.490274429321289
430602,2.485720157623291
430603,2.5003881454467773
430604,2.527966022491455
430769,8.493504524230957
430770,8.493139266967773
430828,6.72999906539917
430864,8.959901809692383
431128,4.141970157623291
431129,4.314936637878418
431130,4.346296787261963
431131,4.450751781463623
431316,2.7754032611846924
431319,7.373983383178711
431359,4.964000225067139
431367,3.906097650527954
431368,3.9444751739501953
431369,4.961627960205078
431370,4.9750752449035645
431573,3.924893379211426
431584,7.980234622955322
431620,4.6209821701049805
431621,4.237280368804932
4317,4.996694087982178
432026,4.138375759124756
432268,6.586827278137207
432269,7.139805793762207
4323,6.402247905731201
432318,2.996735095977783
43235,2.7919907569885254
432590,3.2731266021728516
432591,2.4088058471679688
432641,4.472655296325684
432925,5.89797306060791
433221,5.016639709472656
433222,3.441399097442627
433265,2.657071352005005
433266,2.669809341430664
433269,2.7216999530792236
433270,2.7576000690460205
433369,3.214372158050537
433456,4.644418716430664
433457,4.899684429168701
433635,5.296929359436035
433636,5.487077236175537
433665,6.545872211456299
433689,5.49705696105957
434036,4.787686347961426
434038,4.801400184631348
434039,5.858360767364502
434728,4.565742492675781
434755,3.676229238510132
43628,2.988600015640259
43630,3.075000047683716
43689,2.8473715782165527
43966,3.0450000762939453
43987,2.9900410175323486
43989,3.0250000953674316
43992,2.9619998931884766
44522,3.180964231491089
44781,3.630000114440918
44807,4.257631301879883
44810,2.8678719997406006
44821,2.924999952316284
44822,2.984999895095825
44824,4.086228847503662
44830,3.8784806728363037
44837,4.021316051483154
44879,2.847094774246216
44900,2.8401591777801514
44901,4.060914039611816
44902,2.816655397415161
44907,2.717226505279541
44908,6.925000190734863
44957,6.582691669464111
44963,6.888045310974121
44998,2.944999933242798
44999,3.075000047683716
45310,3.992000102996826
45511,3.4687273502349854
46022,7.577199935913086
46025,2.5862998962402344
46026,2.599299907684326
46027,2.6077001094818115
47104,2.9557061195373535
47143,2.566800117492676
47144,2.613100051879883
47145,2.7407000064849854
47229,3.0532870292663574
48012,7.21205997467041
48106,3.2588071823120117
48127,5.942101001739502
48128,2.961221694946289
48136,5.241768836975098
48149,5.341800212860107
48177,3.716521739959717
49022,6.369882106781006
49625,2.914804458618164
49627,2.6303629875183105
49646,2.700000047683716
50058,3.1624245643615723
5007,4.803102016448975
50153,3.682145833969116
50414,4.74855899810791
50420,5.038478374481201
50421,3.9810004234313965
50422,4.245521068572998
50423,4.127169609069824
50434,7.767399787902832
50435,7.784999847412109
50468,5.621200084686279
50577,3.220048189163208
50578,3.6966450214385986
50612,4.7452898025512695
50658,1.9538116455078125
5089,2.81946063041687
50950,4.998250961303711
50957,5.136486530303955
50992,3.9435858726501465
50993,3.415721893310547
51033,7.203507900238037
51184,5.127067565917969
51185,5.108005523681641
51186,4.812167167663574
51187,5.159563064575195
51188,4.928944110870361
51314,5.15362024307251
51446,4.340928554534912
51630,5.093982219696045
51754,4.139702320098877
51755,3.924981117248535
52234,2.8531758785247803
52235,3.6387715339660645
52236,3.8933298587799072
52630,4.201628684997559
52726,4.4081034660339355
52775,4.93802547454834
52803,3.20740008354187
52812,4.277996063232422
52813,4.304017543792725
52814,4.192577362060547
52815,3.3106000423431396
53093,5.609195709228516
53650,4.457601070404053
53671,4.526897430419922
53672,2.78513765335083
53677,3.071000099182129
53678,3.128979206085205
53818,3.6557421684265137
53819,3.889087200164795
53820,4.285067081451416
53839,2.849640369415283
54244,3.3989999294281006
5427,5.980506420135498
54368,2.305000066757202
54394,2.8700082302093506
54395,2.5483663082122803
54396,2.880000114440918
54858,2.980132818222046
55063,6.199898719787598
55078,6.051136016845703
55079,6.41735315322876
55161,5.29540491104126
55162,5.266967296600342
55172,5.318416118621826
55173,5.319971561431885
55174,5.2922468185424805
55175,5.283689498901367
55176,5.277988433837891
55177,5.258612632751465
55178,5.279526233673096
55493,6.58436393737793
55665,4.864295959472656
56023,2.859999895095825
56106,5.233224391937256
56443,4.379064559936523
56444,4.525030136108398
56445,4.525030136108398
56481,4.540744304656982
56759,6.5940470695495605
57077,3.1029999256134033
57383,2.9921178817749023
57410,3.3989999294281006
57411,2.3113999366760254
57414,2.8500895500183105
57415,2.8700082302093506
58,3.3081512451171875
59112,4.465067386627197
59243,3.189175844192505
59381,3.2485692501068115
59615,5.590620994567871
59640,3.130941867828369
59646,3.979623317718506
59647,3.894892930984497
59752,9.510442733764648
59772,5.357720851898193
59936,5.14900016784668
60015,10.0
60069,5.51016902923584
601105,7.032650470733643
602525,6.999000072479248
602526,6.947999954223633
603169,4.793000221252441
60363,3.8267154693603516
603792,6.614999771118164
603793,6.769999980926514
60382,3.9619193077087402
60431,2.313999891281128
60432,2.859999895095825
60433,3.0085999965667725
60434,3.2585999965667725
604562,3.2782373428344727
60531,8.537799835205078
60532,8.7568998336792
60533,10.0
60534,10.0
606102,5.668794631958008
60774,4.578190803527832
60824,7.043912887573242
60838,5.871677398681641
60843,2.881716251373291
60849,7.178841590881348
60850,8.258537292480469
60935,4.964324474334717
60948,5.498920917510986
60949,6.803828239440918
609869,3.220449686050415
609965,4.428609848022461
609966,4.427902698516846
61055,3.107424736022949
610783,2.9459893703460693
610785,2.754446268081665
61086,2.9737071990966797
61087,3.0017175674438477
61091,2.8468120098114014
61144,8.83317756652832
61203,4.742796897888184
61204,4.870480060577393
61207,9.442511558532715
61215,7.209206581115723
61216,8.835299491882324
61272,5.42998743057251
61337,7.586591720581055
61338,5.308808326721191
614665,4.306591987609863
615946,6.184800148010254
616316,3.1954660415649414
616318,3.36899995803833
616785,3.9597978591918945
616786,3.9619193077087402
616793,4.4081034660339355
6169,3.916956663131714
62102,5.861000061035156
62137,2.8315999507904053
62229,5.931242942810059
62248,3.700148344039917
62298,5.186542987823486
62300,4.513622283935547
62301,5.102416515350342
62333,6.258814811706543
62359,5.405080795288086
62361,2.8475189208984375
62481,5.886043548583984
6250,5.739245414733887
62514,5.932841777801514
62532,3.638361692428589
62586,4.918158054351807
6269,4.169871807098389
627020,6.986999988555908
62878,6.258814811706543
62981,5.237450122833252
62982,5.237450122833252
63018,3.2295453548431396
63179,5.396623134613037
63180,5.391052722930908
63181,5.390377998352051
63182,5.373261451721191
63183,5.40288782119751
63201,2.305825710296631
634546,5.686698913574219
636,5.058317184448242
636809,2.993229866027832
636880,2.7331037521362305
636886,2.4047999382019043
636887,5.462371826171875
636906,2.6595640182495117
636910,2.6595640182495117
638,4.987183570861816
639886,3.1744582653045654
639900,5.881274700164795
639906,4.477125644683838
641226,6.63100004196167
642174,2.8681998252868652
642175,2.338850975036621
642176,2.8660833835601807
642177,2.859520196914673
642182,2.3906362056732178
642216,2.34660005569458
642222,3.1779494285583496
642223,2.777772903442383
642236,2.585085868835449
642242,4.086228847503662
642288,6.768599987030029
642291,2.844599962234497
642294,2.537050247192383
642296,2.5738275051116943
642302,4.044650554656982
642303,3.8801887035369873
642305,6.467706680297852
642314,8.250116348266602
642322,6.179999828338623
642329,3.869995355606079
642338,6.523931503295898
642345,4.278703212738037
642350,3.5785999298095703
642353,3.000999927520752
642354,3.0006000995635986
642364,6.659999847412109
642370,2.717226505279541
642371,2.8943097591400146
642372,3.0273609161376953
642373,2.7208926677703857
642379,2.907960891723633
642380,2.950754165649414
64746,5.2409162521362305
64834,9.652173042297363
64911,1.8629000186920166
64962,6.382140636444092
65025,4.713306427001953
65050,5.817215919494629
65051,5.26016092300415
65125,4.726278781890869
65126,4.781452655792236
65127,4.762660980224609
65149,4.712676048278809
65170,5.487697124481201
65175,2.885504722595215
65176,2.8303146362304688
65177,2.6966564655303955
65260,3.0990378856658936
65283,6.63100004196167
65291,5.944281101226807
65404,3.877230644226074
65442,5.423248291015625
65445,2.805060863494873
65475,6.979636192321777
655673,2.6682305335998535
65643,2.760699987411499
65731,7.414438724517822
65734,6.87885856628418
65735,6.87660551071167
657596,2.8613998889923096
657597,2.8805999755859375
657598,2.537050247192383
657599,2.5491745471954346
657600,2.578157663345337
65764,4.984605312347412
658016,4.4735517501831055
65930,4.313211441040039
65978,6.271772861480713
66007,2.8981504440307617
660135,2.784827470779419
660252,2.874178886413574
66100,10.0
66101,10.0
66137,5.1891703605651855
66156,6.3739190101623535
66387,5.003733158111572
66693,5.699487686157227
66708,5.015527725219727
66940,3.965212106704712
66941,3.0069079399108887
66942,2.9891517162323
66944,3.970606803894043
67110,5.954975605010986
67145,5.532534122467041
67226,4.906154155731201
67233,3.0940613746643066
67234,3.2588071823120117
67237,4.6237945556640625
67238,4.78143310546875
67239,4.820775508880615
67254,3.1282403469085693
67264,3.9588310718536377
67265,2.868025064468384
67274,5.009617328643799
67275,3.421548366546631
67277,3.1941428184509277
67359,4.623363018035889
67505,4.31971549987793
67512,5.786679267883301
67523,5.750047206878662
67535,4.694480895996094
67536,4.590792179107666
67702,4.940312385559082
67703,4.961116790771484
67851,5.682310104370117
67887,3.41532564163208
67925,4.426259517669678
67981,3.7111382484436035
67991,3.1666347980499268
68069,6.1946587562561035
68117,3.676187515258789
68118,3.9578592777252197
68247,5.981656551361084
68257,5.265696048736572
68337,5.363718032836914
68427,4.588146209716797
68428,4.616002559661865
68429,10.0
68463,4.290421962738037
68465,5.477799415588379
68475,5.474857807159424
68494,2.508089065551758
68508,8.700071334838867
68653,2.9256441593170166
68690,2.9982943534851074
68905,5.876277446746826
68924,4.975378513336182
68925,5.12930154800415
68926,5.119491100311279
68927,5.109298229217529
69017,2.376504898071289
69034,5.344587802886963
69050,2.1065726280212402
69076,3.372978925704956
69133,2.993424654006958
69189,2.9969546794891357
69190,2.8677079677581787
69192,5.639840126037598
69221,1.8220000267028809
69300,5.917223930358887
69352,10.0
69394,4.267277240753174
69491,5.942599773406982
69622,3.705996036529541
69763,5.871214866638184
69764,7.85860013961792
69765,7.854800224304199
69955,4.603499889373779
69956,4.614999771118164
69967,4.207594871520996
710094,4.9344964027404785
71035,2.9044137001037598
71058,3.1460249423980713
71085,2.6682305335998535
71238,3.124509572982788
71277,4.364780426025391
71364,5.242866039276123
71365,5.256363868713379
71366,5.195350646972656
71367,5.200231075286865
71430,7.184534549713135
71431,4.428318977355957
71488,4.041811466217041
71489,3.959881067276001
71862,5.87542724609375
71875,9.946914672851562
72,6.158303260803223
72098,3.2678802013397217
72099,3.3943068981170654
72100,3.250401496887207
72101,3.276855707168579
72176,8.690834045410156
72202,5.660303592681885
72422,3.0868005752563477
72423,3.0867233276367188
72486,10.0
72511,7.1598944664001465
72648,3.0511887073516846
72743,3.9304182529449463
72840,2.8832781314849854
72841,8.508903503417969
72859,5.946343898773193
73020,5.9382829666137695
73021,5.93050479888916
73022,5.929938793182373
73150,5.532715320587158
73151,5.009247303009033
73200,3.490600109100342
73205,9.16999340057373
73218,6.062640190124512
73222,4.579169273376465
73223,4.928831100463867
73241,7.475093841552734
73275,3.882016181945801
73276,5.521299839019775
73277,3.9759199619293213
73339,3.384000062942505
73575,4.895836353302002
73709,3.725259780883789
73835,3.486584424972534
73836,3.4787909984588623
74326,5.918149948120117
74327,6.00349760055542
74504,4.199365615844727
74525,4.305008888244629
74526,4.4539713859558105
74830,5.08998441696167
74831,5.219424724578857
74860,7.46134614944458
74863,2.9924120903015137
74864,2.9556210041046143
74865,3.0533077716827393
74866,3.150282382965088
74957,4.3120341300964355
74958,4.411110877990723
75072,5.198801040649414
75161,4.9675445556640625
75164,2.717149257659912
75176,5.089335918426514
75177,5.091098308563232
75178,4.912262439727783
75209,4.502608299255371
75210,4.2153425216674805
75211,4.479432582855225
75212,4.360467433929443
75223,3.59491229057312
75263,5.238218307495117
75708,3.6422719955444336
75709,3.637768507003784
75710,3.628819704055786
75711,3.618600606918335
75882,5.954545974731445
75883,5.951010704040527
75884,5.9418182373046875
75911,4.494486331939697
75912,4.482085227966309
75927,3.117382764816284
75995,5.689035415649414
76180,3.86899995803833
76628,2.890000104904175
76944,2.8651719093322754
77095,3.1569061279296875
77275,7.947683334350586
77321,4.343503952026367
77543,5.744994163513184
78059,3.2219998836517334
78105,5.295586109161377
78106,5.17451286315918
78158,3.005784749984741
78159,3.1844065189361572
78313,7.037399768829346
78314,6.994500160217285
78326,3.6060683727264404
78364,4.197940349578857
78482,5.91989803314209
78503,5.615004062652588
78504,6.119110584259033
78506,8.789087295532227
78513,3.1756796836853027
78514,3.095534563064575
78562,5.697939395904541
78565,8.595025062561035
78731,3.5290000438690186
78790,2.263188600540161
78814,5.6294331550598145
78816,5.413867473602295
78819,2.695702075958252
78836,3.6701927185058594
78878,3.264004945755005
78927,10.0
78938,2.683805227279663
78992,6.435651779174805
79098,3.1140050888061523
79252,6.848663330078125
79352,5.044209003448486
79379,6.00961446762085
79426,3.213209867477417
79427,3.1678714752197266
79537,4.903389930725098
79616,7.858937740325928
79712,5.065890789031982
79805,8.687263488769531
79867,3.618835210800171
80025,2.585400104522705
80026,2.5855000019073486
80108,6.132884979248047
80115,8.590831756591797
80398,3.440700054168701
80399,5.236833095550537
80441,9.430375099182129
80459,5.109755039215088
80472,4.255908966064453
80593,3.1749660968780518
80801,8.628000259399414
80826,5.703099250793457
80923,5.231448650360107
80924,5.2409844398498535
80925,5.253893852233887
81084,5.398889541625977
81085,5.406576633453369
81093,3.1029999256134033
81249,2.893420934677124
81329,5.946202278137207
81330,5.949596405029297
81331,5.952425003051758
81332,5.958930492401123
81333,5.964869976043701
81334,5.9819817543029785
8160,5.023993492126465
81615,7.529985427856445
81857,2.667065382003784
81892,5.534999847412109
81980,7.095087051391602
8222,2.963693141937256
82277,5.377364158630371
82352,7.080526828765869
82353,8.113943099975586
8237,3.4590835571289062
82457,8.09891414642334
82608,5.4138712882995605
8262,4.339649677276611
82670,7.7789998054504395
82671,7.745999813079834
82672,7.78000020980835
82772,5.406476974487305
82773,5.517796516418457
82774,5.511694431304932
82775,5.626007080078125
82776,5.629417419433594
8280,3.265401840209961
82864,2.816851854324341
82907,10.0
82953,7.111018180847168
83016,4.8395795822143555
83379,2.7934961318969727
83380,3.3096840381622314
83419,6.153110504150391
83482,5.1771626472473145
83483,6.941355228424072
83501,6.510928630828857
83502,7.392879009246826
83510,7.4730000495910645
83511,7.1869001388549805
83652,4.804589748382568
83826,4.197940349578857
83831,6.142690181732178
83832,7.1717209815979
83985,3.434576988220215
83986,3.688720464706421
84090,2.865903854370117
84092,3.6127779483795166
84240,4.235137462615967
84448,4.648197174072266
84449,4.39910364151001
84603,9.80388355255127
84604,9.80280876159668
84617,5.270382881164551
84638,3.9644594192504883
84649,3.4736719131469727
84713,7.212191104888916
84763,3.5130879878997803
84764,2.7079999446868896
84909,5.093204021453857
84973,3.619581937789917
85107,7.632634162902832
85171,3.5930700302124023
853,3.2627999782562256
85487,6.292186260223389
85488,3.1874001026153564
85612,5.270910739898682
85613,10.0
85614,4.424707412719727
85615,5.2645649909973145
85713,3.9091691970825195
85714,3.1886227130889893
86152,7.96897029876709
86165,5.412138938903809
86169,5.362451553344727
86184,4.957461833953857
86284,5.244657516479492
86457,5.165253162384033
86458,4.490245819091797
86633,7.54610013961792
86634,7.479100227355957
87065,9.464451789855957
87408,2.6802000999450684
87409,2.284899950027466
87413,3.8506999015808105
87414,3.5425000190734863
87568,5.553172588348389
87592,7.947683334350586
87596,3.2190001010894775
87987,4.642035007476807
87988,4.596912384033203
87989,4.56908655166626
87990,4.643845081329346
87991,4.6423020362854
87992,4.598562717437744
88334,4.728632926940918
88381,5.4230427742004395
88382,5.418259143829346
88383,5.438218593597412
88384,5.444047927856445
88385,5.456518173217773
88386,5.472867012023926
88709,5.14156436920166
88710,5.870859622955322
88785,3.815000057220459
88827,5.239651679992676
88828,5.238687038421631
88829,5.233112335205078
88830,5.235500812530518
88831,5.1383562088012695
88832,5.003241539001465
88833,3.6694321632385254
88834,7.808000087738037
88835,7.799200057983398
88836,7.783599853515625
88837,7.775599956512451
88900,5.439404010772705
89442,3.619466543197632
89456,7.374300479888916
89524,5.281317710876465
89535,3.031924247741699
89536,2.982599973678589
89617,3.6916146278381348
89652,4.230291366577148
89899,7.159800052642822
89903,5.643010139465332
89954,5.300503253936768
9004,6.249006271362305
90147,4.896462440490723
90148,4.947084903717041
90149,4.932488918304443
90368,10.0
9082,2.595874547958374
90849,4.680391788482666
9105,3.3031535148620605
91112,7.442680358886719
91113,4.389655590057373
91170,6.055127143859863
9141,6.097350120544434
91496,6.042163848876953
91523,8.662985801696777
91662,5.443117141723633
91666,10.0
91810,2.7361316680908203
91843,2.665792465209961
91951,5.345745086669922
92200,3.8894128799438477
92238,3.870300054550171
92250,4.291341781616211
92395,2.832745313644409
92571,4.587095260620117
92708,4.642131328582764
92756,6.679883003234863
92842,4.395256996154785
92843,4.996199131011963
93013,6.973928928375244
93015,6.790681838989258
93086,4.424333572387695
93087,4.436615943908691
93259,4.214658737182617
93260,2.49780011177063
9331,5.03888463973999
93421,2.899480104446411
93486,3.203739643096924
935,5.336443901062012
93540,10.0
93601,5.984066486358643
93602,6.050267219543457
93890,5.26825475692749
9391,8.158427238464355
93917,6.313154697418213
94003,3.2068099975585938
94005,3.2037301063537598
94029,4.360296726226807
94030,4.363488674163818
94031,3.092841625213623
9430,5.3690619468688965
9434,5.365418434143066
94355,2.902190923690796
94359,4.775550842285156
94565,3.2121593952178955
94893,3.1860456466674805
94894,3.1488375663757324
94895,3.1380198001861572
94896,3.1611924171447754
94897,3.132537364959717
9508,2.5855000019073486
95115,6.949934959411621
95248,3.666339159011841
95303,4.793605804443359
95379,4.82813835144043
95407,4.963553428649902
95606,3.5079851150512695
95607,3.512822389602661
95649,3.8773999214172363
95676,4.602869033813477
95679,5.5639190673828125
95785,6.027202606201172
95908,6.167399883270264
95939,2.8654656410217285
95960,6.830461025238037
95972,3.459693670272827
95979,6.0183491706848145
95980,3.306617259979248
95981,3.306617259979248
96224,4.8392415046691895
96292,5.327619552612305
9638,5.201430797576904
96422,5.113730430603027
96477,5.318143367767334
96509,4.18000602722168
96548,5.239648818969727
96549,5.243490695953369
96550,5.246223449707031
96551,5.312917232513428
96649,7.001999855041504
96650,7.037399768829346
96651,6.972599983215332
96652,6.980000019073486
96653,6.98859977722168
96654,7.024600028991699
9668,5.301209449768066
96779,3.96091628074646
96780,2.8609540462493896
96914,5.463853359222412
96915,5.6936869621276855
96947,2.0432822704315186
96948,3.1863017082214355
96949,3.29426646232605
97107,9.34454345703125
97290,5.266654014587402
97291,5.295346736907959
97577,5.3412981033325195
97658,4.20815372467041
97659,3.9378862380981445
97660,3.8912007808685303
97898,5.127884387969971
98140,2.384979248046875
98263,2.7404000759124756
98264,7.76140022277832
98265,2.7412943840026855
98615,2.662609815597534
98842,5.544058799743652
98843,5.626852035522461
98844,5.872211456298828
98845,5.850855350494385
98981,4.038695812225342
99033,10.0
99034,10.0
99035,10.0
99036,10.0
99037,10.0
99038,10.0
99039,10.0
99161,2.893611192703247
9923,3.7115893363952637
99386,6.635679721832275
99395,3.8635427951812744
99396,3.864464282989502
99397,3.866243839263916
99398,3.868675708770752
99399,3.8691229820251465
99400,3.8730709552764893
99401,3.876140594482422
99402,3.879746437072754
99403,3.8841207027435303
99503,3.598766565322876
99517,2.843034267425537
9987,3.942575454711914
